{
  "axes": [
    "entity_scope",
    "metric_definition"
  ],
  "n": 157,
  "rep": "last",
  "majority_baseline": 0.5987261146496815,
  "base": {
    "per_layer_acc": [
      0.6945564516129032,
      0.6754032258064516,
      0.6820564516129032,
      0.6691532258064516,
      0.6691532258064516,
      0.6818548387096774,
      0.7139112903225806,
      0.713508064516129,
      0.713508064516129,
      0.713508064516129,
      0.7137096774193548,
      0.7137096774193548,
      0.6943548387096774,
      0.6941532258064516,
      0.707258064516129,
      0.6941532258064516,
      0.7006048387096774,
      0.6816532258064516,
      0.7137096774193548,
      0.6689516129032258,
      0.6689516129032258,
      0.701008064516129,
      0.6945564516129032,
      0.701008064516129,
      0.6881048387096774,
      0.6879032258064516,
      0.713508064516129,
      0.7068548387096774,
      0.713508064516129,
      0.7070564516129032,
      0.7133064516129032,
      0.7008064516129032,
      0.713508064516129,
      0.6814516129032258,
      0.6879032258064516,
      0.6945564516129032,
      0.7008064516129032,
      0.6941532258064516,
      0.7006048387096774,
      0.6941532258064516,
      0.6816532258064516,
      0.66875,
      0.6943548387096774,
      0.7006048387096774,
      0.7133064516129032,
      0.707258064516129,
      0.7070564516129032,
      0.6943548387096774
    ],
    "peak_layer": 6,
    "peak_acc": 0.7139112903225806,
    "n_layers": 48
  }
}