{
  "axes": [
    "entity_scope",
    "metric_definition"
  ],
  "n": 157,
  "rep": "last",
  "majority_baseline": 0.5987261146496815,
  "base": {
    "per_layer_acc": [
      0.6945564516129032,
      0.694758064516129,
      0.6887096774193548,
      0.6820564516129032,
      0.6818548387096774,
      0.707258064516129,
      0.7139112903225806,
      0.7393145161290322,
      0.713508064516129,
      0.701008064516129,
      0.6945564516129032,
      0.7141129032258065,
      0.6945564516129032,
      0.6945564516129032,
      0.694758064516129,
      0.701008064516129,
      0.7139112903225806,
      0.7205645161290322,
      0.7268145161290323,
      0.7205645161290322,
      0.7205645161290322,
      0.7205645161290322,
      0.7141129032258065,
      0.7330645161290322,
      0.7141129032258065,
      0.7205645161290322,
      0.7076612903225806,
      0.727016129032258,
      0.7141129032258065,
      0.7141129032258065,
      0.7141129032258065,
      0.7201612903225806,
      0.7205645161290322,
      0.7391129032258064,
      0.707258064516129,
      0.7262096774193548,
      0.7201612903225806,
      0.739516129032258,
      0.719758064516129,
      0.7262096774193548
    ],
    "peak_layer": 37,
    "peak_acc": 0.739516129032258,
    "n_layers": 40
  }
}