{
  "model": "Qwen/Qwen3.5-35B-A3B",
  "n_layers": 40,
  "steer_layers": [
    20,
    24
  ],
  "n_dir": 40,
  "n_test": 90,
  "by_alpha": {
    "0.0": {
      "IR": 2.2222222222222223,
      "AxisHit@1": 0.5,
      "answer_rate": 0.0,
      "search_rate": 97.77777777777777,
      "noparse_rate": 0.0,
      "n_ask": 2
    },
    "1.5": {
      "IR": 70.0,
      "AxisHit@1": 0.5555555555555556,
      "answer_rate": 0.0,
      "search_rate": 3.3333333333333335,
      "noparse_rate": 26.666666666666668,
      "n_ask": 63
    }
  }
}