{
  "model": "Qwen/Qwen3-30B-A3B",
  "n_layers": 48,
  "steer_layers": [
    38,
    43
  ],
  "n_dir": 40,
  "n_test": 90,
  "by_alpha": {
    "0.0": {
      "IR": 91.11111111111111,
      "AxisHit@1": 0.1951219512195122,
      "answer_rate": 0.0,
      "search_rate": 1.1111111111111112,
      "noparse_rate": 7.777777777777778,
      "n_ask": 82
    },
    "4.0": {
      "IR": 93.33333333333333,
      "AxisHit@1": 0.13095238095238096,
      "answer_rate": 0.0,
      "search_rate": 1.1111111111111112,
      "noparse_rate": 5.555555555555555,
      "n_ask": 84
    }
  }
}