{
  "model": "Qwen/Qwen3-30B-A3B",
  "n_layers": 48,
  "steer_layers": [
    24,
    29
  ],
  "n_dir": 40,
  "n_test": 90,
  "by_alpha": {
    "0.0": {
      "IR": 91.11111111111111,
      "AxisHit@1": 0.2073170731707317,
      "answer_rate": 0.0,
      "search_rate": 1.1111111111111112,
      "noparse_rate": 7.777777777777778,
      "n_ask": 82
    },
    "4.0": {
      "IR": 100.0,
      "AxisHit@1": 0.8222222222222222,
      "answer_rate": 0.0,
      "search_rate": 0.0,
      "noparse_rate": 0.0,
      "n_ask": 90
    }
  }
}